{
  "FPT": {
    "q_low": -0.016742185259542502,
    "q_high": 0.025639086868683637,
    "mean": 0.004960596667929937,
    "std": 0.03906894764374074
  },
  "HPG": {
    "q_low": -0.020088057779315424,
    "q_high": 0.030251460481330057,
    "mean": 0.004932525790331834,
    "std": 0.049511321791449445
  },
  "MSN": {
    "q_low": -0.02567645579202239,
    "q_high": 0.030989354607997427,
    "mean": 0.002230272223014634,
    "std": 0.053108989376795875
  },
  "MWG": {
    "q_low": -0.021560785136161765,
    "q_high": 0.03421241847209374,
    "mean": 0.0041816162422364895,
    "std": 0.05103573817105538
  },
  "TCB": {
    "q_low": -0.02226247990252233,
    "q_high": 0.031962609233296135,
    "mean": 0.004582689550325424,
    "std": 0.049271977953060576
  },
  "VCB": {
    "q_low": -0.01615961893988013,
    "q_high": 0.02008787192072667,
    "mean": 0.0026269041135464173,
    "std": 0.03630316405160079
  },
  "VHM": {
    "q_low": -0.024638513140101417,
    "q_high": 0.03239875351754013,
    "mean": 0.0035835886599268323,
    "std": 0.05556410022106752
  },
  "VIC": {
    "q_low": -0.022178140471998724,
    "q_high": 0.02630273714657635,
    "mean": 0.005326129861822191,
    "std": 0.05768635836108495
  },
  "VND": {
    "q_low": -0.02939468485242444,
    "q_high": 0.04512099948112225,
    "mean": 0.006412121458918318,
    "std": 0.06988192377720287
  },
  "VNM": {
    "q_low": -0.01719238222815072,
    "q_high": 0.016733545977727703,
    "mean": 0.0004068003869343615,
    "std": 0.03164675559565912
  }
}